Name|NameDE|Description|DescriptionDE|DescriptionPL|Father|SpecificWeight|Vendor|ProductURL|SpecificPrice|YoungsModulus|UltimateTensileStrength|PoissonRatio|AmbientColor|Color|CompressiveStrength|Density|DiffuseColor|Elasticity|EmissiveColor|Enlargen|EnvironmentalEfficiencyClass|ExecutionInstructions|Finish|FireResistanceClass|FractureToughness|FragmentShader|KindOfMaterial|KindOfMaterialDE|MaterialNumber|Model|ModulusOfShare|Norm|SectionFillPattern|SectionLinewidth|Shininess|SoundTransmissionClass|SpecularColor|StandardCode|TexturePath|TextureScaling|ThermalConductivity|ThermalExpansionCoefficient|Transparency|UltimateStrain|UnitsPerQuantity|VertexShader|ViewColor|ViewFillPattern|ViewLinewidth|YieldStrength
"Name=1C35"|"NameDE=C35"|"Description="|""|""|"Father=Metal"|"SpecificWeight=7800"|"Vendor="|"ProductURL="|"SpecificPrice="|""|"UltimateTensileStrength=480"|"PoissonRatio=0.3"|""|""|"CompressiveStrength="|""|""|"Elasticity="|""|""|""|""|""|""|"FractureToughness="|""|""|"KindOfMaterialDE=Vergütungsstahl"|"MaterialNumber=1.0501"|""|"ModulusOfShare=81000"|""|""|""|""|""|""|""|""|""|""|"ThermalExpansionCoefficient=1,10E-05"|""|"UltimateStrain=21"|""|""|""|""|""|"YieldStrength=300"
"Name=1C45"|"NameDE=C45"|"Description="|""|""|"Father=Metal"|"SpecificWeight=7800"|"Vendor="|"ProductURL="|"SpecificPrice="|""|"UltimateTensileStrength=580"|"PoissonRatio=0.3"|""|""|"CompressiveStrength="|""|""|"Elasticity="|""|""|""|""|""|""|"FractureToughness="|""|""|"KindOfMaterialDE=Vergütungsstahl"|"MaterialNumber=1.0503"|""|"ModulusOfShare=81000"|""|""|""|""|""|""|""|""|""|""|"ThermalExpansionCoefficient=1,10E-05"|""|"UltimateStrain=14"|""|""|""|""|""|"YieldStrength=340"
"Name=1C60"|"NameDE=C60"|"Description="|""|""|"Father=Metal"|"SpecificWeight=7800"|"Vendor="|"ProductURL="|"SpecificPrice="|""|"UltimateTensileStrength=650"|"PoissonRatio=0.3"|""|""|"CompressiveStrength="|""|""|"Elasticity="|""|""|""|""|""|""|"FractureToughness="|""|""|"KindOfMaterialDE=Vergütungsstahl"|"MaterialNumber=1.0601"|""|"ModulusOfShare=81000"|""|""|""|""|""|""|""|""|""|""|"ThermalExpansionCoefficient=1,10E-05"|""|"UltimateStrain=11"|""|""|""|""|""|"YieldStrength=380"
"Name=20NiCrMo2"|"NameDE=21NiCrMo2"|"Description="|"Wellen, Zahnräder"|""|"Father=Metal"|"SpecificWeight=7800"|"Vendor="|"ProductURL="|"SpecificPrice="|""|"UltimateTensileStrength=900"|"PoissonRatio=0.3"|""|""|"CompressiveStrength="|""|""|"Elasticity="|""|""|""|""|""|""|"FractureToughness="|""|""|"KindOfMaterialDE=Einsatzstahl"|"MaterialNumber=1.6523"|""|"ModulusOfShare=81000"|""|""|""|""|""|""|""|""|""|""|"ThermalExpansionCoefficient=1,10E-05"|""|"UltimateStrain=10"|""|""|""|""|""|"YieldStrength=630"
"Name=28Mn6"|"NameDE=28Mn6"|"Description="|""|""|"Father=Metal"|"SpecificWeight=7800"|"Vendor="|"ProductURL="|"SpecificPrice="|""|"UltimateTensileStrength=800"|"PoissonRatio=0.3"|""|""|"CompressiveStrength="|""|""|"Elasticity="|""|""|""|""|""|""|"FractureToughness="|""|""|"KindOfMaterialDE=Vergütungsstahl"|"MaterialNumber=1.1170"|""|"ModulusOfShare=81000"|""|""|""|""|""|""|""|""|""|""|"ThermalExpansionCoefficient=1,10E-05"|""|"UltimateStrain=13"|""|""|""|""|""|"YieldStrength=590"
"Name=2C10"|"NameDE=Ck10"|"Description="|""|""|"Father=Metal"|"SpecificWeight=7800"|"Vendor="|"ProductURL="|"SpecificPrice="|""|"UltimateTensileStrength=640"|"PoissonRatio=0.3"|""|""|"CompressiveStrength="|""|""|"Elasticity="|""|""|""|""|""|""|"FractureToughness="|""|""|"KindOfMaterialDE=Einsatzstahl"|"MaterialNumber=1.1121"|""|"ModulusOfShare=81000"|""|""|""|""|""|""|""|""|""|""|"ThermalExpansionCoefficient=1,10E-05"|""|"UltimateStrain=0"|""|""|""|""|""|"YieldStrength=390"
"Name=30CrNiMo8"|"NameDE=30CrNiMo8"|"Description="|"Wellen, Zahnräder"|""|"Father=Metal"|"SpecificWeight=7800"|"Vendor="|"ProductURL="|"SpecificPrice="|""|"UltimateTensileStrength=1250"|"PoissonRatio=0.3"|""|""|"CompressiveStrength="|""|""|"Elasticity="|""|""|""|""|""|""|"FractureToughness="|""|""|"KindOfMaterialDE=Vergütungsstahl"|"MaterialNumber=1.6580"|""|"ModulusOfShare=81000"|""|""|""|""|""|""|""|""|""|""|"ThermalExpansionCoefficient=1,10E-05"|""|"UltimateStrain=9"|""|""|""|""|""|"YieldStrength=1050"
"Name=34CrNiMo6"|"NameDE=34CrNiMo6"|"Description="|"Wellen, Zahnräder"|""|"Father=Metal"|"SpecificWeight=7800"|"Vendor="|"ProductURL="|"SpecificPrice="|""|"UltimateTensileStrength=1200"|"PoissonRatio=0.3"|""|""|"CompressiveStrength="|""|""|"Elasticity="|""|""|""|""|""|""|"FractureToughness="|""|""|"KindOfMaterialDE=Vergütungsstahl"|"MaterialNumber=1.6582"|""|"ModulusOfShare=81000"|""|""|""|""|""|""|""|""|""|""|"ThermalExpansionCoefficient=1,10E-05"|""|"UltimateStrain=9"|""|""|""|""|""|"YieldStrength=1000"
"Name=36CrNiMo4"|"NameDE=36CrNiMo4"|"Description="|"Wellen, Zahnräder"|""|"Father=Metal"|"SpecificWeight=7800"|"Vendor="|"ProductURL="|"SpecificPrice="|""|"UltimateTensileStrength=1100"|"PoissonRatio=0.3"|""|""|"CompressiveStrength="|""|""|"Elasticity="|""|""|""|""|""|""|"FractureToughness="|""|""|"KindOfMaterialDE=Vergütungsstahl"|"MaterialNumber=1.6511"|""|"ModulusOfShare=81000"|""|""|""|""|""|""|""|""|""|""|"ThermalExpansionCoefficient=1,10E-05"|""|"UltimateStrain=10"|""|""|""|""|""|"YieldStrength=900"
"Name=36NiCrMo16"|"NameDE=36NiCrMo16"|"Description="|"Wellen, Zahnräder"|""|"Father=Metal"|"SpecificWeight=7800"|"Vendor="|"ProductURL="|"SpecificPrice="|""|"UltimateTensileStrength=1250"|"PoissonRatio=0.3"|""|""|"CompressiveStrength="|""|""|"Elasticity="|""|""|""|""|""|""|"FractureToughness="|""|""|"KindOfMaterialDE=Vergütungsstahl"|"MaterialNumber=1.6773"|""|"ModulusOfShare=81000"|""|""|""|""|""|""|""|""|""|""|"ThermalExpansionCoefficient=1,10E-05"|""|"UltimateStrain=9"|""|""|""|""|""|"YieldStrength=1050"
"Name=3C15"|"NameDE=Cm15"|"Description="|""|""|"Father=Metal"|"SpecificWeight=7800"|"Vendor="|"ProductURL="|"SpecificPrice="|""|"UltimateTensileStrength=740"|"PoissonRatio=0.3"|""|""|"CompressiveStrength="|""|""|"Elasticity="|""|""|""|""|""|""|"FractureToughness="|""|""|"KindOfMaterialDE=Einsatzstahl"|"MaterialNumber=1.1140"|""|"ModulusOfShare=81000"|""|""|""|""|""|""|""|""|""|""|"ThermalExpansionCoefficient=1,10E-05"|""|"UltimateStrain=0"|""|""|""|""|""|"YieldStrength=440"
"Name=3C22"|"NameDE=Cm22"|"Description="|""|""|"Father=Metal"|"SpecificWeight=7800"|"Vendor="|"ProductURL="|"SpecificPrice="|""|"UltimateTensileStrength=550"|"PoissonRatio=0.3"|""|""|"CompressiveStrength="|""|""|"Elasticity="|""|""|""|""|""|""|"FractureToughness="|""|""|"KindOfMaterialDE=Vergütungsstahl"|"MaterialNumber=1.1149"|""|"ModulusOfShare=81000"|""|""|""|""|""|""|""|""|""|""|"ThermalExpansionCoefficient=1,10E-05"|""|"UltimateStrain=24"|""|""|""|""|""|"YieldStrength=350"
"Name=3C35"|"NameDE=Cm35"|"Description="|""|""|"Father=Metal"|"SpecificWeight=7800"|"Vendor="|"ProductURL="|"SpecificPrice="|""|"UltimateTensileStrength=630"|"PoissonRatio=0.3"|""|""|"CompressiveStrength="|""|""|"Elasticity="|""|""|""|""|""|""|"FractureToughness="|""|""|"KindOfMaterialDE=Vergütungsstahl"|"MaterialNumber=1.1180"|""|"ModulusOfShare=81000"|""|""|""|""|""|""|""|""|""|""|"ThermalExpansionCoefficient=1,10E-05"|""|"UltimateStrain=17"|""|""|""|""|""|"YieldStrength=430"
"Name=3V45"|"NameDE=Cm45"|"Description="|""|""|"Father=Metal"|"SpecificWeight=7800"|"Vendor="|"ProductURL="|"SpecificPrice="|""|"UltimateTensileStrength=700"|"PoissonRatio=0.3"|""|""|"CompressiveStrength="|""|""|"Elasticity="|""|""|""|""|""|""|"FractureToughness="|""|""|"KindOfMaterialDE=Vergütungsstahl"|"MaterialNumber=1.1201"|""|"ModulusOfShare=81000"|""|""|""|""|""|""|""|""|""|""|"ThermalExpansionCoefficient=1,10E-05"|""|"UltimateStrain=14"|""|""|""|""|""|"YieldStrength=500"
"only!"|"NameDE=AlMg3F24"|"Description="|""|""|"Father=Metal"|"SpecificWeight=2700"|"Vendor="|"ProductURL="|"SpecificPrice="|""|"UltimateTensileStrength=250"|"PoissonRatio=0.3"|""|""|"CompressiveStrength="|""|""|"Elasticity="|""|""|""|""|""|""|"FractureToughness="|""|"KindOfMaterial=Aluminium"|"KindOfMaterialDE=Aluminium"|"MaterialNumber=3.3535.26"|""|"ModulusOfShare=27000"|""|""|""|""|""|""|""|""|""|""|"ThermalExpansionCoefficient=2,30E-05"|""|"UltimateStrain=5"|""|""|""|""|""|"YieldStrength=180"
"only!"|"NameDE=AlMgSi1F31"|"Description="|""|""|"Father=Metal"|"SpecificWeight=2700"|"Vendor="|"ProductURL="|"SpecificPrice="|""|"UltimateTensileStrength=310"|"PoissonRatio=0.3"|""|""|"CompressiveStrength="|""|""|"Elasticity="|""|""|""|""|""|""|"FractureToughness="|""|"KindOfMaterial=Aluminium"|"KindOfMaterialDE=Aluminium"|"MaterialNumber=3.2315.72"|""|"ModulusOfShare=27000"|""|""|""|""|""|""|""|""|""|""|"ThermalExpansionCoefficient=2,30E-05"|""|"UltimateStrain=10"|""|""|""|""|""|"YieldStrength=260"
"only!"|"NameDE=AlZn4,5Mg1F35"|"Description="|""|""|"Father=Metal"|"SpecificWeight=2700"|"Vendor="|"ProductURL="|"SpecificPrice="|""|"UltimateTensileStrength=350"|"PoissonRatio=0.3"|""|""|"CompressiveStrength="|""|""|"Elasticity="|""|""|""|""|""|""|"FractureToughness="|""|"KindOfMaterial=Aluminium"|"KindOfMaterialDE=Aluminium"|"MaterialNumber=3.4335.71"|""|"ModulusOfShare=27000"|""|""|""|""|""|""|""|""|""|""|"ThermalExpansionCoefficient=2,30E-05"|""|"UltimateStrain=10"|""|""|""|""|""|"YieldStrength=290"
"only!"|"NameDE=C10"|"Description="|""|""|"Father=Metal"|"SpecificWeight=7800"|"Vendor="|"ProductURL="|"SpecificPrice="|""|"UltimateTensileStrength=650"|"PoissonRatio=0.3"|""|""|"CompressiveStrength="|""|""|"Elasticity="|""|""|""|""|""|""|"FractureToughness="|""|""|"KindOfMaterialDE=Einsatzstahl"|"MaterialNumber=1.0301"|""|"ModulusOfShare=81000"|""|""|""|""|""|""|""|""|""|""|"ThermalExpansionCoefficient=1,10E-05"|""|"UltimateStrain=16"|""|""|""|""|""|"YieldStrength=380"
"only!"|"NameDE=C15"|"Description="|""|""|"Father=Metal"|"SpecificWeight=7800"|"Vendor="|"ProductURL="|"SpecificPrice="|""|"UltimateTensileStrength=750"|"PoissonRatio=0.3"|""|""|"CompressiveStrength="|""|""|"Elasticity="|""|""|""|""|""|""|"FractureToughness="|""|""|"KindOfMaterialDE=Einsatzstahl"|"MaterialNumber=1.0401"|""|"ModulusOfShare=81000"|""|""|""|""|""|""|""|""|""|""|"ThermalExpansionCoefficient=1,10E-05"|""|"UltimateStrain=14"|""|""|""|""|""|"YieldStrength=430"
"Name=C22E"|"NameDE=Ck22"|"Description="|""|""|"Father=Metal"|"SpecificWeight=7800"|"Vendor="|"ProductURL="|"SpecificPrice="|""|"UltimateTensileStrength=500"|"PoissonRatio=0.3"|""|""|"CompressiveStrength="|""|""|"Elasticity="|""|""|""|""|""|""|"FractureToughness="|""|""|"KindOfMaterialDE=Vergütungsstahl"|"MaterialNumber=1.1151"|""|"ModulusOfShare=81000"|""|""|""|""|""|""|""|""|""|""|"ThermalExpansionCoefficient=1,10E-05"|""|"UltimateStrain=20"|""|""|""|""|""|"YieldStrength=340"
"Name=C25E"|"NameDE=Ck25"|"Description="|""|""|"Father=Metal"|"SpecificWeight=7800"|"Vendor="|"ProductURL="|"SpecificPrice="|""|"UltimateTensileStrength=550"|"PoissonRatio=0.3"|""|""|"CompressiveStrength="|""|""|"Elasticity="|""|""|""|""|""|""|"FractureToughness="|""|""|"KindOfMaterialDE=Vergütungsstahl"|"MaterialNumber=1.1158"|""|"ModulusOfShare=81000"|""|""|""|""|""|""|""|""|""|""|"ThermalExpansionCoefficient=1,10E-05"|""|"UltimateStrain=19"|""|""|""|""|""|"YieldStrength=370"
"Name=C30E"|"NameDE=Ck30"|"Description="|""|""|"Father=Metal"|"SpecificWeight=7800"|"Vendor="|"ProductURL="|"SpecificPrice="|""|"UltimateTensileStrength=600"|"PoissonRatio=0.3"|""|""|"CompressiveStrength="|""|""|"Elasticity="|""|""|""|""|""|""|"FractureToughness="|""|""|"KindOfMaterialDE=Vergütungsstahl"|"MaterialNumber=1.1178"|""|"ModulusOfShare=81000"|""|""|""|""|""|""|""|""|""|""|"ThermalExpansionCoefficient=1,10E-05"|""|"UltimateStrain=18"|""|""|""|""|""|"YieldStrength=400"
"Name=C40E"|"NameDE=Ck40"|"Description="|""|""|"Father=Metal"|"SpecificWeight=7800"|"Vendor="|"ProductURL="|"SpecificPrice="|""|"UltimateTensileStrength=650"|"PoissonRatio=0.3"|""|""|"CompressiveStrength="|""|""|"Elasticity="|""|""|""|""|""|""|"FractureToughness="|""|""|"KindOfMaterialDE=Vergütungsstahl"|"MaterialNumber=1.1186"|""|"ModulusOfShare=81000"|""|""|""|""|""|""|""|""|""|""|"ThermalExpansionCoefficient=1,10E-05"|""|"UltimateStrain=16"|""|""|""|""|""|"YieldStrength=460"
"Name=C50E"|"NameDE=Ck50"|"Description="|""|""|"Father=Metal"|"SpecificWeight=7800"|"Vendor="|"ProductURL="|"SpecificPrice="|""|"UltimateTensileStrength=750"|"PoissonRatio=0.3"|""|""|"CompressiveStrength="|""|""|"Elasticity="|""|""|""|""|""|""|"FractureToughness="|""|""|"KindOfMaterialDE=Vergütungsstahl"|"MaterialNumber=1.1206"|""|"ModulusOfShare=81000"|""|""|""|""|""|""|""|""|""|""|"ThermalExpansionCoefficient=1,10E-05"|""|"UltimateStrain=13"|""|""|""|""|""|"YieldStrength=520"
"Name=C55E"|"NameDE=Ck55"|"Description="|""|""|"Father=Metal"|"SpecificWeight=7800"|"Vendor="|"ProductURL="|"SpecificPrice="|""|"UltimateTensileStrength=800"|"PoissonRatio=0.3"|""|""|"CompressiveStrength="|""|""|"Elasticity="|""|""|""|""|""|""|"FractureToughness="|""|""|"KindOfMaterialDE=Vergütungsstahl"|"MaterialNumber=1.1203"|""|"ModulusOfShare=81000"|""|""|""|""|""|""|""|""|""|""|"ThermalExpansionCoefficient=1,10E-05"|""|"UltimateStrain=13"|""|""|""|""|""|"YieldStrength=550"
"Name=C60E"|"NameDE=Ck60"|"Description="|""|""|"Father=Metal"|"SpecificWeight=7800"|"Vendor="|"ProductURL="|"SpecificPrice="|""|"UltimateTensileStrength=850"|"PoissonRatio=0.3"|""|""|"CompressiveStrength="|""|""|"Elasticity="|""|""|""|""|""|""|"FractureToughness="|""|""|"KindOfMaterialDE=Vergütungsstahl"|"MaterialNumber=1.1221"|""|"ModulusOfShare=81000"|""|""|""|""|""|""|""|""|""|""|"ThermalExpansionCoefficient=1,10E-05"|""|"UltimateStrain=13"|""|""|""|""|""|"YieldStrength=580"
"Name=E295"|"NameDE=St50-2"|"Description="|""|""|"Father=Metal"|"SpecificWeight=7800"|"Vendor="|"ProductURL="|"SpecificPrice="|""|"UltimateTensileStrength=490"|"PoissonRatio=0.3"|""|""|"CompressiveStrength="|""|""|"Elasticity="|""|""|""|""|""|""|"FractureToughness="|""|""|"KindOfMaterialDE=Baustahl"|"MaterialNumber=1.0050"|""|"ModulusOfShare=81000"|""|""|""|""|""|""|""|""|""|""|"ThermalExpansionCoefficient=1,10E-05"|""|"UltimateStrain=20"|""|""|""|""|""|"YieldStrength=295"
""|"NameDE=St50-2K"|"Description="|""|""|"Father=Metal"|"SpecificWeight=7800"|"Vendor="|"ProductURL="|"SpecificPrice="|""|"UltimateTensileStrength=590"|"PoissonRatio=0.3"|""|""|"CompressiveStrength="|""|""|"Elasticity="|""|""|""|""|""|""|"FractureToughness="|""|""|"KindOfMaterialDE=Baustahl"|"MaterialNumber=1.0533"|""|"ModulusOfShare=81000"|""|""|""|""|""|""|""|""|""|""|"ThermalExpansionCoefficient=1,10E-05"|""|"UltimateStrain=0"|""|""|""|""|""|"YieldStrength=420"
"Name=E335"|"NameDE=St60-2"|"Description="|""|""|"Father=Metal"|"SpecificWeight=7800"|"Vendor="|"ProductURL="|"SpecificPrice="|""|"UltimateTensileStrength=590"|"PoissonRatio=0.3"|""|""|"CompressiveStrength="|""|""|"Elasticity="|""|""|""|""|""|""|"FractureToughness="|""|""|"KindOfMaterialDE=Baustahl"|"MaterialNumber=1.0060"|""|"ModulusOfShare=81000"|""|""|""|""|""|""|""|""|""|""|"ThermalExpansionCoefficient=1,10E-05"|""|"UltimateStrain=16"|""|""|""|""|""|"YieldStrength=335"
""|"NameDE=St60-2K"|"Description="|""|""|"Father=Metal"|"SpecificWeight=7800"|"Vendor="|"ProductURL="|"SpecificPrice="|""|"UltimateTensileStrength=690"|"PoissonRatio=0.3"|""|""|"CompressiveStrength="|""|""|"Elasticity="|""|""|""|""|""|""|"FractureToughness="|""|""|"KindOfMaterialDE=Baustahl"|"MaterialNumber=1.0543"|""|"ModulusOfShare=81000"|""|""|""|""|""|""|""|""|""|""|"ThermalExpansionCoefficient=1,10E-05"|""|"UltimateStrain=0"|""|""|""|""|""|"YieldStrength=490"
"Name=E360"|"NameDE=St70-2"|"Description="|""|""|"Father=Metal"|"SpecificWeight=7800"|"Vendor="|"ProductURL="|"SpecificPrice="|""|"UltimateTensileStrength=690"|"PoissonRatio=0.3"|""|""|"CompressiveStrength="|""|""|"Elasticity="|""|""|""|""|""|""|"FractureToughness="|""|""|"KindOfMaterialDE=Baustahl"|"MaterialNumber=1.0070"|""|"ModulusOfShare=81000"|""|""|""|""|""|""|""|""|""|""|"ThermalExpansionCoefficient=1,10E-05"|""|"UltimateStrain=11"|""|""|""|""|""|"YieldStrength=360"
""|"NameDE=St70-2K"|"Description="|""|""|"Father=Metal"|"SpecificWeight=7800"|"Vendor="|"ProductURL="|"SpecificPrice="|""|"UltimateTensileStrength=780"|"PoissonRatio=0.3"|""|""|"CompressiveStrength="|""|""|"Elasticity="|""|""|""|""|""|""|"FractureToughness="|""|""|"KindOfMaterialDE=Baustahl"|"MaterialNumber=1.0633"|""|"ModulusOfShare=81000"|""|""|""|""|""|""|""|""|""|""|"ThermalExpansionCoefficient=1,10E-05"|""|"UltimateStrain=0"|""|""|""|""|""|"YieldStrength=560"
"Name=EN-GJL-100"|"NameDE=GG-10"|"Description="|"beanspruchte Teile"|""|"Father=Metal"|"SpecificWeight=7200"|"Vendor="|"ProductURL="|"SpecificPrice="|""|"UltimateTensileStrength=100"|"PoissonRatio=0.3"|""|""|"CompressiveStrength="|""|""|"Elasticity="|""|""|""|""|""|""|"FractureToughness="|""|""|"KindOfMaterialDE=Guss"|"MaterialNumber=0.6010"|""|"ModulusOfShare=34000"|""|""|""|""|""|""|""|""|""|""|"ThermalExpansionCoefficient=1,00E-05"|""|"UltimateStrain=0"|""|""|""|""|""|"YieldStrength=0"
"Name=EN-GJL-150"|"NameDE=GG-15"|"Description="|"Teile wie Gehäuse, Ständer"|""|"Father=Metal"|"SpecificWeight=7200"|"Vendor="|"ProductURL="|"SpecificPrice="|""|"UltimateTensileStrength=150"|"PoissonRatio=0.3"|""|""|"CompressiveStrength="|""|""|"Elasticity="|""|""|""|""|""|""|"FractureToughness="|""|""|"KindOfMaterialDE=Guss"|"MaterialNumber=0.6015"|""|"ModulusOfShare=37000"|""|""|""|""|""|""|""|""|""|""|"ThermalExpansionCoefficient=1,00E-05"|""|"UltimateStrain=0"|""|""|""|""|""|"YieldStrength=98"
"Name=EN-GJL-200"|"NameDE=GG-20"|"Description="|", Lagerböcke"|""|"Father=Metal"|"SpecificWeight=7200"|"Vendor="|"ProductURL="|"SpecificPrice="|""|"UltimateTensileStrength=200"|"PoissonRatio=0.3"|""|""|"CompressiveStrength="|""|""|"Elasticity="|""|""|""|""|""|""|"FractureToughness="|""|""|"KindOfMaterialDE=Guss"|"MaterialNumber=0.6020"|""|"ModulusOfShare=40000"|""|""|""|""|""|""|""|""|""|""|"ThermalExpansionCoefficient=1,00E-05"|""|"UltimateStrain=0"|""|""|""|""|""|"YieldStrength=130"
"Name=EN-GJL-250"|"NameDE=GG-25"|"Description="|""|""|"Father=Metal"|"SpecificWeight=7200"|"Vendor="|"ProductURL="|"SpecificPrice="|""|"UltimateTensileStrength=250"|"PoissonRatio=0.3"|""|""|"CompressiveStrength="|""|""|"Elasticity="|""|""|""|""|""|""|"FractureToughness="|""|""|"KindOfMaterialDE=Guss"|"MaterialNumber=0.6025"|""|"ModulusOfShare=44000"|""|""|""|""|""|""|""|""|""|""|"ThermalExpansionCoefficient=1,00E-05"|""|"UltimateStrain=0"|""|""|""|""|""|"YieldStrength=165"
"Name=EN-GJL-300"|"NameDE=GG-30"|"Description="|"Motorständer, Lagerschalen"|""|"Father=Metal"|"SpecificWeight=7200"|"Vendor="|"ProductURL="|"SpecificPrice="|""|"UltimateTensileStrength=300"|"PoissonRatio=0.3"|""|""|"CompressiveStrength="|""|""|"Elasticity="|""|""|""|""|""|""|"FractureToughness="|""|""|"KindOfMaterialDE=Guss"|"MaterialNumber=0.6030"|""|"ModulusOfShare=48000"|""|""|""|""|""|""|""|""|""|""|"ThermalExpansionCoefficient=1,00E-05"|""|"UltimateStrain=0"|""|""|""|""|""|"YieldStrength=195"
"Name=EN-GJL-350"|"NameDE=GG-35"|"Description="|"Teile mit konstanter Wanddicke, Pressenständer, Turbinengehäuse"|""|"Father=Metal"|"SpecificWeight=7200"|"Vendor="|"ProductURL="|"SpecificPrice="|""|"UltimateTensileStrength=350"|"PoissonRatio=0.3"|""|""|"CompressiveStrength="|""|""|"Elasticity="|""|""|""|""|""|""|"FractureToughness="|""|""|"KindOfMaterialDE=Guss"|"MaterialNumber=0.6035"|""|"ModulusOfShare=52000"|""|""|""|""|""|""|""|""|""|""|"ThermalExpansionCoefficient=1,00E-05"|""|"UltimateStrain=15"|""|""|""|""|""|"YieldStrength=228"
"Name=EN-GJMB-350-10"|""|"Description="|"Schaltgabeln, Getriebe-, Achsgehäuse"|""|"Father=Metal"|"SpecificWeight=7200"|"Vendor="|"ProductURL="|"SpecificPrice="|""|"UltimateTensileStrength=350"|"PoissonRatio=0.3"|""|""|"CompressiveStrength="|""|""|"Elasticity="|""|""|""|""|""|""|"FractureToughness="|""|""|"KindOfMaterialDE=Guss"|"MaterialNumber=0.8135"|""|"ModulusOfShare=67000"|""|""|""|""|""|""|""|""|""|""|"ThermalExpansionCoefficient=1,00E-05"|""|"UltimateStrain=10"|""|""|""|""|""|"YieldStrength=200"
"Name=EN-GJMB-550-4"|""|"Description="|"Bremsträger, Federböcke, Kipphebel"|""|"Father=Metal"|"SpecificWeight=7200"|"Vendor="|"ProductURL="|"SpecificPrice="|""|"UltimateTensileStrength=550"|"PoissonRatio=0.3"|""|""|"CompressiveStrength="|""|""|"Elasticity="|""|""|""|""|""|""|"FractureToughness="|""|""|"KindOfMaterialDE=Guss"|"MaterialNumber=0.8155"|""|"ModulusOfShare=67000"|""|""|""|""|""|""|""|""|""|""|"ThermalExpansionCoefficient=1,00E-05"|""|"UltimateStrain=2"|""|""|""|""|""|"YieldStrength=340"
"Name=EN-GJMB-650-2"|""|"Description="|"DescriptionDE=Gabelköpfe"|""|"Father=Metal"|"SpecificWeight=7200"|"Vendor="|"ProductURL="|"SpecificPrice="|""|"UltimateTensileStrength=650"|"PoissonRatio=0.3"|""|""|"CompressiveStrength="|""|""|"Elasticity="|""|""|""|""|""|""|"FractureToughness="|""|""|"KindOfMaterialDE=Guss"|"MaterialNumber=0.8165"|""|"ModulusOfShare=67000"|""|""|""|""|""|""|""|""|""|""|"ThermalExpansionCoefficient=1,00E-05"|""|"UltimateStrain=2"|""|""|""|""|""|"YieldStrength=430"
"Name=EN-GJMW-350-4"|""|"Description="|"Fittings, Beschläge, Förderketten"|""|"Father=Metal"|"SpecificWeight=7200"|"Vendor="|"ProductURL="|"SpecificPrice="|""|"UltimateTensileStrength=350"|"PoissonRatio=0.3"|""|""|"CompressiveStrength="|""|""|"Elasticity="|""|""|""|""|""|""|"FractureToughness="|""|""|"KindOfMaterialDE=Guss"|"MaterialNumber=0.8035"|""|"ModulusOfShare=67000"|""|""|""|""|""|""|""|""|""|""|"ThermalExpansionCoefficient=1,00E-05"|""|"UltimateStrain=4"|""|""|""|""|""|"YieldStrength=0"
"Name=EN-GJMW-360-12"|""|"Description="|""|""|"Father=Metal"|"SpecificWeight=7200"|"Vendor="|"ProductURL="|"SpecificPrice="|""|"UltimateTensileStrength=380"|"PoissonRatio=0.3"|""|""|"CompressiveStrength="|""|""|"Elasticity="|""|""|""|""|""|""|"FractureToughness="|""|""|"KindOfMaterialDE=Guss"|"MaterialNumber=0.8038"|""|"ModulusOfShare=67000"|""|""|""|""|""|""|""|""|""|""|"ThermalExpansionCoefficient=1,00E-05"|""|"UltimateStrain=5"|""|""|""|""|""|"YieldStrength=200"
"Name=EN-GJMW-400-5"|""|"Description="|"Auspuffkrümmer, Schraubzwingen"|""|"Father=Metal"|"SpecificWeight=7200"|"Vendor="|"ProductURL="|"SpecificPrice="|""|"UltimateTensileStrength=400"|"PoissonRatio=0.3"|""|""|"CompressiveStrength="|""|""|"Elasticity="|""|""|""|""|""|""|"FractureToughness="|""|""|"KindOfMaterialDE=Guss"|"MaterialNumber=0.8040"|""|"ModulusOfShare=67000"|""|""|""|""|""|""|""|""|""|""|"ThermalExpansionCoefficient=1,00E-05"|""|"UltimateStrain=7"|""|""|""|""|""|"YieldStrength=220"
"Name=EN-GJMW-450-7"|""|"Description="|""|""|"Father=Metal"|"SpecificWeight=7200"|"Vendor="|"ProductURL="|"SpecificPrice="|""|"UltimateTensileStrength=450"|"PoissonRatio=0.3"|""|""|"CompressiveStrength="|""|""|"Elasticity="|""|""|""|""|""|""|"FractureToughness="|""|""|"KindOfMaterialDE=Guss"|"MaterialNumber=0.8045"|""|"ModulusOfShare=67000"|""|""|""|""|""|""|""|""|""|""|"ThermalExpansionCoefficient=1,00E-05"|""|"UltimateStrain=10"|""|""|""|""|""|"YieldStrength=260"
"Name=EN-GJS-400-15"|"NameDE=GGG-40"|"Description="|""|""|"Father=Metal"|"SpecificWeight=7200"|"Vendor="|"ProductURL="|"SpecificPrice="|""|"UltimateTensileStrength=400"|"PoissonRatio=0.3"|""|""|"CompressiveStrength="|""|""|"Elasticity="|""|""|""|""|""|""|"FractureToughness="|""|""|"KindOfMaterialDE=Guss"|"MaterialNumber=0.7040"|""|"ModulusOfShare=65000"|""|""|""|""|""|""|""|""|""|""|"ThermalExpansionCoefficient=1,10E-05"|""|"UltimateStrain=15"|""|""|""|""|""|"YieldStrength=250"
"Name=EN-GJS-500-7"|"NameDE=GGG-50"|"Description="|"Zylinderköpfe"|""|"Father=Metal"|"SpecificWeight=7200"|"Vendor="|"ProductURL="|"SpecificPrice="|""|"UltimateTensileStrength=500"|"PoissonRatio=0.3"|""|""|"CompressiveStrength="|""|""|"Elasticity="|""|""|""|""|""|""|"FractureToughness="|""|""|"KindOfMaterialDE=Guss"|"MaterialNumber=0.7050"|""|"ModulusOfShare=66000"|""|""|""|""|""|""|""|""|""|""|"ThermalExpansionCoefficient=1,10E-05"|""|"UltimateStrain=2"|""|""|""|""|""|"YieldStrength=320"
"Name=EN-GJS-600-3"|"NameDE=GGG-60"|"Description="|""|""|"Father=Metal"|"SpecificWeight=7200"|"Vendor="|"ProductURL="|"SpecificPrice="|""|"UltimateTensileStrength=600"|"PoissonRatio=0.3"|""|""|"CompressiveStrength="|""|""|"Elasticity="|""|""|""|""|""|""|"FractureToughness="|""|""|"KindOfMaterialDE=Guss"|"MaterialNumber=0.7060"|""|"ModulusOfShare=67000"|""|""|""|""|""|""|""|""|""|""|"ThermalExpansionCoefficient=1,10E-05"|""|"UltimateStrain=2"|""|""|""|""|""|"YieldStrength=370"
"Name=EN-GJS-700-2"|"NameDE=GGG-70"|"Description="|"Turbinenschaufeln"|""|"Father=Metal"|"SpecificWeight=7200"|"Vendor="|"ProductURL="|"SpecificPrice="|""|"UltimateTensileStrength=700"|"PoissonRatio=0.3"|""|""|"CompressiveStrength="|""|""|"Elasticity="|""|""|""|""|""|""|"FractureToughness="|""|""|"KindOfMaterialDE=Guss"|"MaterialNumber=0.7070"|""|"ModulusOfShare=67000"|""|""|""|""|""|""|""|""|""|""|"ThermalExpansionCoefficient=1,10E-05"|""|"UltimateStrain=2"|""|""|""|""|""|"YieldStrength=420"
"Name=EN-GJS-800-1"|"NameDE=GGG-80"|"Description="|"DescriptionDE=Zahnräder"|""|"Father=Metal"|"SpecificWeight=7200"|"Vendor="|"ProductURL="|"SpecificPrice="|""|"UltimateTensileStrength=800"|"PoissonRatio=0.3"|""|""|"CompressiveStrength="|""|""|"Elasticity="|""|""|""|""|""|""|"FractureToughness="|""|""|"KindOfMaterialDE=Guss"|"MaterialNumber=0.7080"|""|"ModulusOfShare=67000"|""|""|""|""|""|""|""|""|""|""|"ThermalExpansionCoefficient=1,10E-05"|""|"UltimateStrain=2"|""|""|""|""|""|"YieldStrength=480"
"Name=G16Mn5"|"NameDE=GS-16Mn5N"|"Description="|"Bremsscheiben"|""|"Father=Metal"|"SpecificWeight=7800"|"Vendor="|"ProductURL="|"SpecificPrice="|""|"UltimateTensileStrength=430"|"PoissonRatio=0.3"|""|""|"CompressiveStrength="|""|""|"Elasticity="|""|""|""|""|""|""|"FractureToughness="|""|""|"KindOfMaterialDE=Stahlguss"|"MaterialNumber=1.1131"|""|"ModulusOfShare=81000"|""|""|""|""|""|""|""|""|""|""|"ThermalExpansionCoefficient=1,10E-05"|""|"UltimateStrain=0"|""|""|""|""|""|"YieldStrength=260"
"Name=G200"|""|"Description="|"und stoßartige Belastung, gut schweißbar"|""|"Father=Metal"|"SpecificWeight=7800"|"Vendor="|"ProductURL="|"SpecificPrice="|""|"UltimateTensileStrength=380"|"PoissonRatio=0.3"|""|""|"CompressiveStrength="|""|""|"Elasticity="|""|""|""|""|""|""|"FractureToughness="|""|""|"KindOfMaterialDE=Stahlguss"|"MaterialNumber=1.0420"|""|"ModulusOfShare=81000"|""|""|""|""|""|""|""|""|""|""|"ThermalExpansionCoefficient=1,10E-05"|""|"UltimateStrain=25"|""|""|""|""|""|"YieldStrength=200"
"Name=G20Mn5"|"NameDE=GS-20Mn5v"|"Description="|"Bremsscheiben"|""|"Father=Metal"|"SpecificWeight=7800"|"Vendor="|"ProductURL="|"SpecificPrice="|""|"UltimateTensileStrength=500"|"PoissonRatio=0.3"|""|""|"CompressiveStrength="|""|""|"Elasticity="|""|""|""|""|""|""|"FractureToughness="|""|""|"KindOfMaterialDE=Stahlguss"|"MaterialNumber=1.1120"|""|"ModulusOfShare=81000"|""|""|""|""|""|""|""|""|""|""|"ThermalExpansionCoefficient=1,10E-05"|""|"UltimateStrain=0"|""|""|""|""|""|"YieldStrength=360"
"Name=G230"|""|"Description="|"und stoßartige Belastung, gut schweißbar"|""|"Father=Metal"|"SpecificWeight=7800"|"Vendor="|"ProductURL="|"SpecificPrice="|""|"UltimateTensileStrength=450"|"PoissonRatio=0.3"|""|""|"CompressiveStrength="|""|""|"Elasticity="|""|""|""|""|""|""|"FractureToughness="|""|""|"KindOfMaterialDE=Stahlguss"|"MaterialNumber=1.0446"|""|"ModulusOfShare=81000"|""|""|""|""|""|""|""|""|""|""|"ThermalExpansionCoefficient=1,10E-05"|""|"UltimateStrain=22"|""|""|""|""|""|"YieldStrength=230"
"Name=G260"|""|"Description="|""|""|"Father=Metal"|"SpecificWeight=7800"|"Vendor="|"ProductURL="|"SpecificPrice="|""|"UltimateTensileStrength=520"|"PoissonRatio=0.3"|""|""|"CompressiveStrength="|""|""|"Elasticity="|""|""|""|""|""|""|"FractureToughness="|""|""|"KindOfMaterialDE=Stahlguss"|"MaterialNumber=1.0552"|""|"ModulusOfShare=81000"|""|""|""|""|""|""|""|""|""|""|"ThermalExpansionCoefficient=1,10E-05"|""|"UltimateStrain=18"|""|""|""|""|""|"YieldStrength=260"
"Name=G300"|""|"Description="|""|""|"Father=Metal"|"SpecificWeight=7800"|"Vendor="|"ProductURL="|"SpecificPrice="|""|"UltimateTensileStrength=600"|"PoissonRatio=0.3"|""|""|"CompressiveStrength="|""|""|"Elasticity="|""|""|""|""|""|""|"FractureToughness="|""|""|"KindOfMaterialDE=Stahlguss"|"MaterialNumber=1.0558"|""|"ModulusOfShare=81000"|""|""|""|""|""|""|""|""|""|""|"ThermalExpansionCoefficient=1,10E-05"|""|"UltimateStrain=15"|""|""|""|""|""|"YieldStrength=300"
"Name=G30Mn5"|"NameDE=GS-30Mn5"|"Description="|""|""|"Father=Metal"|"SpecificWeight=7800"|"Vendor="|"ProductURL="|"SpecificPrice="|""|"UltimateTensileStrength=520"|"PoissonRatio=0.3"|""|""|"CompressiveStrength="|""|""|"Elasticity="|""|""|""|""|""|""|"FractureToughness="|""|""|"KindOfMaterialDE=Stahlguss"|"MaterialNumber=1.1165"|""|"ModulusOfShare=81000"|""|""|""|""|""|""|""|""|""|""|"ThermalExpansionCoefficient=1,10E-05"|""|"UltimateStrain=14"|""|""|""|""|""|"YieldStrength=400"
"Name=S185"|"NameDE=St33"|"Description="|"Beanspruchung"|""|"Father=Metal"|"SpecificWeight=7800"|"Vendor="|"ProductURL="|"SpecificPrice="|""|"UltimateTensileStrength=310"|"PoissonRatio=0.3"|""|""|"CompressiveStrength="|""|""|"Elasticity="|""|""|""|""|""|""|"FractureToughness="|""|""|"KindOfMaterialDE=Baustahl"|"MaterialNumber=1.0035"|""|"ModulusOfShare=81000"|""|""|""|""|""|""|""|""|""|""|"ThermalExpansionCoefficient=1,10E-05"|""|"UltimateStrain=18"|""|""|""|""|""|"YieldStrength=190"
"Name=S235JO"|"NameDE=St37-3U"|"Description="|""|""|"Father=Metal"|"SpecificWeight=7800"|"Vendor="|"ProductURL="|"SpecificPrice="|""|"UltimateTensileStrength=360"|"PoissonRatio=0.3"|""|""|"CompressiveStrength="|""|""|"Elasticity="|""|""|""|""|""|""|"FractureToughness="|""|""|"KindOfMaterialDE=Baustahl"|"MaterialNumber=1.0114"|""|"ModulusOfShare=81000"|""|""|""|""|""|""|""|""|""|""|"ThermalExpansionCoefficient=1,10E-05"|""|"UltimateStrain=26"|""|""|""|""|""|"YieldStrength=235"
"Name=S235JR"|"NameDE=St37-2"|"Description="|"mäßige Beanspruchung, gut schweißbar, nicht für Hilfsrahmen"|""|"Father=Metal"|"SpecificWeight=7800"|"Vendor="|"ProductURL="|"SpecificPrice="|""|"UltimateTensileStrength=360"|"PoissonRatio=0.3"|""|""|"CompressiveStrength="|""|""|"Elasticity="|""|""|""|""|""|""|"FractureToughness="|""|""|"KindOfMaterialDE=Baustahl"|"MaterialNumber=1.0037"|""|"ModulusOfShare=81000"|""|""|""|""|""|""|""|""|""|""|"ThermalExpansionCoefficient=1,10E-05"|""|"UltimateStrain=26"|""|""|""|""|""|"YieldStrength=235"
"Name=S235JRG1"|"NameDE=USt37-2"|"Description="|"mäßige Beanspruchung"|""|"Father=Metal"|"SpecificWeight=7800"|"Vendor="|"ProductURL="|"SpecificPrice="|""|"UltimateTensileStrength=360"|"PoissonRatio=0.3"|""|""|"CompressiveStrength="|""|""|"Elasticity="|""|""|""|""|""|""|"FractureToughness="|""|""|"KindOfMaterialDE=Baustahl"|"MaterialNumber=1.0036"|""|"ModulusOfShare=81000"|""|""|""|""|""|""|""|""|""|""|"ThermalExpansionCoefficient=1,10E-05"|""|"UltimateStrain=26"|""|""|""|""|""|"YieldStrength=235"
"Name=S260NC"|""|"Description="|"Fahrgestellrahmen, Hilfsrahmen, nicht für Punktlasten"|""|"Father=Metal"|"SpecificWeight=7800"|"Vendor="|"ProductURL="|"SpecificPrice="|""|"UltimateTensileStrength=350"|"PoissonRatio=0.3"|""|""|"CompressiveStrength="|""|""|"Elasticity="|""|""|""|""|""|""|"FractureToughness="|""|"steel"|"KindOfMaterialDE=Kaltumformstahl"|"MaterialNumber=1.0971"|""|"ModulusOfShare=81000"|""|""|""|""|""|""|""|""|""|""|"ThermalExpansionCoefficient=1,10E-05"|""|"UltimateStrain=30"|""|""|""|""|""|"YieldStrength=280"
"Name=S275JO"|"NameDE=St44-3U"|"Description="|""|""|"Father=Metal"|"SpecificWeight=7800"|"Vendor="|"ProductURL="|"SpecificPrice="|""|"UltimateTensileStrength=430"|"PoissonRatio=0.3"|""|""|"CompressiveStrength="|""|""|"Elasticity="|""|""|""|""|""|""|"FractureToughness="|""|""|"KindOfMaterialDE=Baustahl"|"MaterialNumber=1.0143"|""|"ModulusOfShare=81000"|""|""|""|""|""|""|""|""|""|""|"ThermalExpansionCoefficient=1,10E-05"|""|"UltimateStrain=22"|""|""|""|""|""|"YieldStrength=275"
"Name=S275JR"|"NameDE=St44-2"|"Description="|"gut bearbeitbar, gut schweißbar"|""|"Father=Metal"|"SpecificWeight=7800"|"Vendor="|"ProductURL="|"SpecificPrice="|""|"UltimateTensileStrength=430"|"PoissonRatio=0.3"|""|""|"CompressiveStrength="|""|""|"Elasticity="|""|""|""|""|""|""|"FractureToughness="|""|""|"KindOfMaterialDE=Baustahl"|"MaterialNumber=1.0044"|""|"ModulusOfShare=81000"|""|""|""|""|""|""|""|""|""|""|"ThermalExpansionCoefficient=1,10E-05"|""|"UltimateStrain=22"|""|""|""|""|""|"YieldStrength=275"
"Name=S275N"|"275"|"Description="|""|""|"Father=Metal"|"SpecificWeight=7800"|"Vendor="|"ProductURL="|"SpecificPrice="|""|"UltimateTensileStrength=370"|"PoissonRatio=0.3"|""|""|"CompressiveStrength="|""|""|"Elasticity="|""|""|""|""|""|""|"FractureToughness="|""|"steel"|"KindOfMaterialDE=Feinkornstahl"|"MaterialNumber=1.0490"|""|"ModulusOfShare=81000"|""|""|""|""|""|""|""|""|""|""|"ThermalExpansionCoefficient=1,10E-05"|""|"UltimateStrain=24"|""|""|""|""|""|"YieldStrength=275"
"Name=S335JO"|"NameDE=St60-2U"|"Description="|""|""|"Father=Metal"|"SpecificWeight=7800"|"Vendor="|"ProductURL="|"SpecificPrice="|""|"UltimateTensileStrength=510"|"PoissonRatio=0.3"|""|""|"CompressiveStrength="|""|""|"Elasticity="|""|""|""|""|""|""|"FractureToughness="|""|""|"KindOfMaterialDE=Baustahl"|"MaterialNumber=1.0553"|""|"ModulusOfShare=81000"|""|""|""|""|""|""|""|""|""|""|"ThermalExpansionCoefficient=1,10E-05"|""|"UltimateStrain=22"|""|""|""|""|""|"YieldStrength=355"
"Name=S335JR"|"NameDE=St53-3"|"Description="|""|""|"Father=Metal"|"SpecificWeight=7800"|"Vendor="|"ProductURL="|"SpecificPrice="|""|"UltimateTensileStrength=510"|"PoissonRatio=0.3"|""|""|"CompressiveStrength="|""|""|"Elasticity="|""|""|""|""|""|""|"FractureToughness="|""|""|"KindOfMaterialDE=Baustahl"|"MaterialNumber=1.0045"|""|"ModulusOfShare=81000"|""|""|""|""|""|""|""|""|""|""|"ThermalExpansionCoefficient=1,10E-05"|""|"UltimateStrain=22"|""|""|""|""|""|"YieldStrength=355"
"Name=S335N"|"355"|"Description="|""|""|"Father=Metal"|"SpecificWeight=7800"|"Vendor="|"ProductURL="|"SpecificPrice="|""|"UltimateTensileStrength=470"|"PoissonRatio=0.3"|""|""|"CompressiveStrength="|""|""|"Elasticity="|""|""|""|""|""|""|"FractureToughness="|""|"steel"|"KindOfMaterialDE=Feinkornstahl"|"MaterialNumber=1.0545"|""|"ModulusOfShare=81000"|""|""|""|""|""|""|""|""|""|""|"ThermalExpansionCoefficient=1,10E-05"|""|"UltimateStrain=22"|""|""|""|""|""|"YieldStrength=355"
"Name=S340MC"|""|"Description="|"Fahrgestellrahmen, Hilfsrahmen, nicht für Punktlasten"|""|"Father=Metal"|"SpecificWeight=7800"|"Vendor="|"ProductURL="|"SpecificPrice="|""|"UltimateTensileStrength=480"|"PoissonRatio=0.3"|""|""|"CompressiveStrength="|""|""|"Elasticity="|""|""|""|""|""|""|"FractureToughness="|""|"steel"|"KindOfMaterialDE=Kaltumformstahl"|"MaterialNumber=1.0974"|""|"ModulusOfShare=81000"|""|""|""|""|""|""|""|""|""|""|"ThermalExpansionCoefficient=1,10E-05"|""|"UltimateStrain=25"|""|""|""|""|""|"YieldStrength=340"
"Name=S355J2G3"|"NameDE=St52-3"|"Description="|""|""|"Father=Metal"|"SpecificWeight=7800"|"Vendor="|"ProductURL="|"SpecificPrice="|""|"UltimateTensileStrength=510"|"PoissonRatio=0.3"|""|""|"CompressiveStrength="|""|""|"Elasticity="|""|""|""|""|""|""|"FractureToughness="|""|""|"KindOfMaterialDE=Baustahl"|"MaterialNumber=1.0570"|""|"ModulusOfShare=81000"|""|""|""|""|""|""|""|""|""|""|"ThermalExpansionCoefficient=1,10E-05"|""|"UltimateStrain=22"|""|""|""|""|""|"YieldStrength=355"
"Name=S380MC"|""|"Description="|"Fahrgestellrahmen, Hilfsrahmen"|""|"Father=Metal"|"SpecificWeight=7800"|"Vendor="|"ProductURL="|"SpecificPrice="|""|"UltimateTensileStrength=520"|"PoissonRatio=0.3"|""|""|"CompressiveStrength="|""|""|"Elasticity="|""|""|""|""|""|""|"FractureToughness="|""|"steel"|"KindOfMaterialDE=Kaltumformstahl"|"MaterialNumber=1.0978"|""|"ModulusOfShare=81000"|""|""|""|""|""|""|""|""|""|""|"ThermalExpansionCoefficient=1,10E-05"|""|"UltimateStrain=23"|""|""|""|""|""|"YieldStrength=380"
"Name=S420MC"|""|"Description="|"Fahrgestellrahmen, Hilfsrahmen"|""|"Father=Metal"|"SpecificWeight=7800"|"Vendor="|"ProductURL="|"SpecificPrice="|""|"UltimateTensileStrength=550"|"PoissonRatio=0.3"|""|""|"CompressiveStrength="|""|""|"Elasticity="|""|""|""|""|""|""|"FractureToughness="|""|"steel"|"KindOfMaterialDE=Kaltumformstahl"|"MaterialNumber=1.0980"|""|"ModulusOfShare=81000"|""|""|""|""|""|""|""|""|""|""|"ThermalExpansionCoefficient=1,10E-05"|""|"UltimateStrain=21"|""|""|""|""|""|"YieldStrength=420"
"Name=S420N"|"420"|"Description="|""|""|"Father=Metal"|"SpecificWeight=7800"|"Vendor="|"ProductURL="|"SpecificPrice="|""|"UltimateTensileStrength=520"|"PoissonRatio=0.3"|""|""|"CompressiveStrength="|""|""|"Elasticity="|""|""|""|""|""|""|"FractureToughness="|""|"steel"|"KindOfMaterialDE=Feinkornstahl"|"MaterialNumber=1.8902"|""|"ModulusOfShare=81000"|""|""|""|""|""|""|""|""|""|""|"ThermalExpansionCoefficient=1,10E-05"|""|"UltimateStrain=19"|""|""|""|""|""|"YieldStrength=420"
"Name=S460MC"|""|"Description="|"Fahrgestellrahmen, Hilfsrahmen"|""|"Father=Metal"|"SpecificWeight=7800"|"Vendor="|"ProductURL="|"SpecificPrice="|""|"UltimateTensileStrength=590"|"PoissonRatio=0.3"|""|""|"CompressiveStrength="|""|""|"Elasticity="|""|""|""|""|""|""|"FractureToughness="|""|"steel"|"KindOfMaterialDE=Kaltumformstahl"|"MaterialNumber=1.0982"|""|"ModulusOfShare=81000"|""|""|""|""|""|""|""|""|""|""|"ThermalExpansionCoefficient=1,10E-05"|""|"UltimateStrain=19"|""|""|""|""|""|"YieldStrength=460"
"Name=S460N"|"460"|"Description="|""|""|"Father=Metal"|"SpecificWeight=7800"|"Vendor="|"ProductURL="|"SpecificPrice="|""|"UltimateTensileStrength=550"|"PoissonRatio=0.3"|""|""|"CompressiveStrength="|""|""|"Elasticity="|""|""|""|""|""|""|"FractureToughness="|""|"steel"|"KindOfMaterialDE=Feinkornstahl"|"MaterialNumber=1.8901"|""|"ModulusOfShare=81000"|""|""|""|""|""|""|""|""|""|""|"ThermalExpansionCoefficient=1,10E-05"|""|"UltimateStrain=17"|""|""|""|""|""|"YieldStrength=460"
"Name=S500MC"|""|"Description="|"Fahrgestellrahmen, Hilfsrahmen"|""|"Father=Metal"|"SpecificWeight=7800"|"Vendor="|"ProductURL="|"SpecificPrice="|""|"UltimateTensileStrength=620"|"PoissonRatio=0.3"|""|""|"CompressiveStrength="|""|""|"Elasticity="|""|""|""|""|""|""|"FractureToughness="|""|"steel"|"KindOfMaterialDE=Kaltumformstahl"|"MaterialNumber=1.0984"|""|"ModulusOfShare=81000"|""|""|""|""|""|""|""|""|""|""|"ThermalExpansionCoefficient=1,10E-05"|""|"UltimateStrain=17"|""|""|""|""|""|"YieldStrength=500"
"Name=S550MC"|""|"Description="|"Fahrgestellrahmen, Hilfsrahmen"|""|"Father=Metal"|"SpecificWeight=7800"|"Vendor="|"ProductURL="|"SpecificPrice="|""|"UltimateTensileStrength=680"|"PoissonRatio=0.3"|""|""|"CompressiveStrength="|""|""|"Elasticity="|""|""|""|""|""|""|"FractureToughness="|""|"steel"|"KindOfMaterialDE=Kaltumformstahl"|"MaterialNumber=1.0986"|""|"ModulusOfShare=81000"|""|""|""|""|""|""|""|""|""|""|"ThermalExpansionCoefficient=1,10E-05"|""|"UltimateStrain=15"|""|""|""|""|""|"YieldStrength=550"
"Name=S690MC"|""|"Description="|"Fahrgestellrahmen, Hilfsrahmen"|""|"Father=Metal"|"SpecificWeight=7800"|"Vendor="|"ProductURL="|"SpecificPrice="|""|"UltimateTensileStrength=790"|"PoissonRatio=0.3"|""|""|"CompressiveStrength="|""|""|"Elasticity="|""|""|""|""|""|""|"FractureToughness="|""|"steel"|"KindOfMaterialDE=Kaltumformstahl"|"MaterialNumber=1.0966"|""|"ModulusOfShare=81000"|""|""|""|""|""|""|""|""|""|""|"ThermalExpansionCoefficient=1,10E-05"|""|"UltimateStrain=15"|""|""|""|""|""|"YieldStrength=690"
"only!"|""|"Description="|""|""|"Father=Metal"|"SpecificWeight=7800"|"Vendor="|"ProductURL="|"SpecificPrice="|""|"UltimateTensileStrength=460"|"PoissonRatio=0.3"|""|""|"CompressiveStrength="|""|""|"Elasticity="|""|""|""|""|""|""|"FractureToughness="|""|""|"KindOfMaterialDE=Baustahl"|"MaterialNumber=1.0161"|""|"ModulusOfShare=81000"|""|""|""|""|""|""|""|""|""|""|"ThermalExpansionCoefficient=1,10E-05"|""|"UltimateStrain=0"|""|""|""|""|""|"YieldStrength=320"
"only!"|"255"|"Description="|""|""|"Father=Metal"|"SpecificWeight=7800"|"Vendor="|"ProductURL="|"SpecificPrice="|""|"UltimateTensileStrength=360"|"PoissonRatio=0.3"|""|""|"CompressiveStrength="|""|""|"Elasticity="|""|""|""|""|""|""|"FractureToughness="|""|"steel"|"KindOfMaterialDE=Feinkornstahl"|"MaterialNumber=1.0461"|""|"ModulusOfShare=81000"|""|""|""|""|""|""|""|""|""|""|"ThermalExpansionCoefficient=1,10E-05"|""|"UltimateStrain=0"|""|""|""|""|""|"YieldStrength=260"
"only!"|"315"|"Description="|""|""|"Father=Metal"|"SpecificWeight=7800"|"Vendor="|"ProductURL="|"SpecificPrice="|""|"UltimateTensileStrength=440"|"PoissonRatio=0.3"|""|""|"CompressiveStrength="|""|""|"Elasticity="|""|""|""|""|""|""|"FractureToughness="|""|"steel"|"KindOfMaterialDE=Feinkornstahl"|"MaterialNumber=1.0505"|""|"ModulusOfShare=81000"|""|""|""|""|""|""|""|""|""|""|"ThermalExpansionCoefficient=1,10E-05"|""|"UltimateStrain=0"|""|""|""|""|""|"YieldStrength=320"
"only!"|"380"|"Description="|""|""|"Father=Metal"|"SpecificWeight=7800"|"Vendor="|"ProductURL="|"SpecificPrice="|""|"UltimateTensileStrength=500"|"PoissonRatio=0.3"|""|""|"CompressiveStrength="|""|""|"Elasticity="|""|""|""|""|""|""|"FractureToughness="|""|"steel"|"KindOfMaterialDE=Feinkornstahl"|"MaterialNumber=1.8900"|""|"ModulusOfShare=81000"|""|""|""|""|""|""|""|""|""|""|"ThermalExpansionCoefficient=1,10E-05"|""|"UltimateStrain=0"|""|""|""|""|""|"YieldStrength=380"
"only!"|"460"|"Description="|""|""|"Father=Metal"|"SpecificWeight=7800"|"Vendor="|"ProductURL="|"SpecificPrice="|""|"UltimateTensileStrength=560"|"PoissonRatio=0.3"|""|""|"CompressiveStrength="|""|""|"Elasticity="|""|""|""|""|""|""|"FractureToughness="|""|"steel"|"KindOfMaterialDE=Feinkornstahl"|"MaterialNumber=1.8905"|""|"ModulusOfShare=81000"|""|""|""|""|""|""|""|""|""|""|"ThermalExpansionCoefficient=1,10E-05"|""|"UltimateStrain=0"|""|""|""|""|""|"YieldStrength=460"
"only!"|"500"|"Description="|""|""|"Father=Metal"|"SpecificWeight=7800"|"Vendor="|"ProductURL="|"SpecificPrice="|""|"UltimateTensileStrength=610"|"PoissonRatio=0.3"|""|""|"CompressiveStrength="|""|""|"Elasticity="|""|""|""|""|""|""|"FractureToughness="|""|"steel"|"KindOfMaterialDE=Feinkornstahl"|"MaterialNumber=1.8907"|""|"ModulusOfShare=81000"|""|""|""|""|""|""|""|""|""|""|"ThermalExpansionCoefficient=1,10E-05"|""|"UltimateStrain=0"|""|""|""|""|""|"YieldStrength=500"
"Name=X2CrNiMoN17-13-3"|"13 3"|"Description="|"gut schweißbar, gut kaltumformbar, Achsen, Wellen, Wärmetauscher"|""|"Father=Metal"|"SpecificWeight=7800"|"Vendor="|"ProductURL="|"SpecificPrice="|""|"UltimateTensileStrength=580"|"PoissonRatio=0.3"|""|""|"CompressiveStrength="|""|""|"Elasticity="|""|""|""|""|""|""|"FractureToughness="|""|""|"KindOfMaterialDE=Niro"|"MaterialNumber=1.4429"|""|"ModulusOfShare=81000"|""|""|""|""|""|""|""|""|""|""|"ThermalExpansionCoefficient=1,10E-05"|""|"UltimateStrain=35"|""|""|""|""|""|"YieldStrength=295"
"Name=X2CrNiN24-4"|"NameDE=-"|"Description="|""|""|"Father=Metal"|"SpecificWeight=7800"|"Vendor="|"ProductURL="|"SpecificPrice="|""|"UltimateTensileStrength=600"|"PoissonRatio=0.3"|""|""|"CompressiveStrength="|""|""|"Elasticity="|""|""|""|""|""|""|"FractureToughness="|""|""|"KindOfMaterialDE=Niro"|"MaterialNumber=1.4362"|""|"ModulusOfShare=81000"|""|""|""|""|""|""|""|""|""|""|"ThermalExpansionCoefficient=1,10E-05"|""|"UltimateStrain=25"|""|""|""|""|""|"YieldStrength=400"
"Name=X39CrMo17-1"|"NameDE=-"|"Description="|""|""|"Father=Metal"|"SpecificWeight=7800"|"Vendor="|"ProductURL="|"SpecificPrice="|""|"UltimateTensileStrength=750"|"PoissonRatio=0.3"|""|""|"CompressiveStrength="|""|""|"Elasticity="|""|""|""|""|""|""|"FractureToughness="|""|""|"KindOfMaterialDE=Niro"|"MaterialNumber=1.4122"|""|"ModulusOfShare=81000"|""|""|""|""|""|""|""|""|""|""|"ThermalExpansionCoefficient=1,10E-05"|""|"UltimateStrain=12"|""|""|""|""|""|"YieldStrength=500"
"Name=X3CrNiMo13-14"|"NameDE=-"|"Description="|""|""|"Father=Metal"|"SpecificWeight=7800"|"Vendor="|"ProductURL="|"SpecificPrice="|""|"UltimateTensileStrength=900"|"PoissonRatio=0.3"|""|""|"CompressiveStrength="|""|""|"Elasticity="|""|""|""|""|""|""|"FractureToughness="|""|""|"KindOfMaterialDE=Niro"|"MaterialNumber=1.4313"|""|"ModulusOfShare=81000"|""|""|""|""|""|""|""|""|""|""|"ThermalExpansionCoefficient=1,10E-05"|""|"UltimateStrain=11"|""|""|""|""|""|"YieldStrength=800"
"Name=X5CrNi18-10"|"9"|"Description="|"gut schweißbar, gut kaltumformbar, Fahrzeugbau, Lebensmitteltechnik"|""|"Father=Metal"|"SpecificWeight=7800"|"Vendor="|"ProductURL="|"SpecificPrice="|""|"UltimateTensileStrength=520"|"PoissonRatio=0.3"|""|""|"CompressiveStrength="|""|""|"Elasticity="|""|""|""|""|""|""|"FractureToughness="|""|""|"KindOfMaterialDE=Niro"|"MaterialNumber=1.4301"|""|"ModulusOfShare=81000"|""|""|""|""|""|""|""|""|""|""|"ThermalExpansionCoefficient=1,10E-05"|""|"UltimateStrain=40"|""|""|""|""|""|"YieldStrength=210"
"Name=X5CrNiMo17-12-2"|"12 2"|"Description="|"gut schweißbar, gut kaltumformbar, Lebensmitteltechnik"|""|"Father=Metal"|"SpecificWeight=7800"|"Vendor="|"ProductURL="|"SpecificPrice="|""|"UltimateTensileStrength=520"|"PoissonRatio=0.3"|""|""|"CompressiveStrength="|""|""|"Elasticity="|""|""|""|""|""|""|"FractureToughness="|""|""|"KindOfMaterialDE=Niro"|"MaterialNumber=1.4401"|""|"ModulusOfShare=68000"|""|""|""|""|""|""|""|""|""|""|"ThermalExpansionCoefficient=1,10E-05"|""|"UltimateStrain=40"|""|""|""|""|""|"YieldStrength=220"
"Name=X6CrNiTi18-10"|"9"|"Description="|"gut schweißbar, gut kaltumformbar, Schienenfahrzeugbau"|""|"Father=Metal"|"SpecificWeight=7800"|"Vendor="|"ProductURL="|"SpecificPrice="|""|"UltimateTensileStrength=500"|"PoissonRatio=0.3"|""|""|"CompressiveStrength="|""|""|"Elasticity="|""|""|""|""|""|""|"FractureToughness="|""|""|"KindOfMaterialDE=Niro"|"MaterialNumber=1.4541"|""|"ModulusOfShare=81000"|""|""|""|""|""|""|""|""|""|""|"ThermalExpansionCoefficient=1,10E-05"|""|"UltimateStrain=40"|""|""|""|""|""|"YieldStrength=200"
